Generation,Best_Fitness,Average_Fitness,Global_Best_Fitness,Best_n_estimators,Best_max_depth,Best_min_samples_split,Best_min_samples_leaf,Best_max_features
1,0.6795011126636651,0.652965378046887,0.6795011126636651,214,7,13,2,None
2,0.6911970190964136,0.6759561144749779,0.6911970190964136,116,3,3,3,sqrt
3,0.6911970190964136,0.6812192723697148,0.6911970190964136,116,3,3,3,sqrt
4,0.6911970190964136,0.6856104124618331,0.6911970190964136,116,3,3,3,sqrt
5,0.6911970190964136,0.6853180148010144,0.6911970190964136,116,3,3,3,sqrt
6,0.6911970190964136,0.6850256171401956,0.6911970190964136,116,3,3,3,sqrt
7,0.6911970190964136,0.6826683227242147,0.6911970190964136,116,3,3,3,sqrt
8,0.6911970190964136,0.6853180148010144,0.6911970190964136,116,3,3,3,sqrt
9,0.6911970190964136,0.6882730424882265,0.6911970190964136,116,3,3,3,sqrt
10,0.6911970190964136,0.6864876054442892,0.6911970190964136,116,3,3,3,sqrt
