Name of the Mine - Company,Type of WCL - NEC - NCL - ECL - BCCL - MCL - CCL - SECL,Quantity for Coal production,Production_Performance,Target
Saoner UG,WCL,3442242.0,High,2
Adasa UG,WCL,448950.0,High,2
Patansaongi UG,WCL,408591.66,High,2
Silewara UG,WCL,496400.0,High,2
Pipla UG,WCL,673021.35,High,2
Kamptee OCM,WCL,8716622.05,High,2
Inder UG to OC,WCL,2204600.0,High,2
Gondegaon OCM,WCL,5734619.77,High,2
Bhanegaon OCM,WCL,51100.0,High,2
Waghoda,WCL,53450.6,High,2
AB Incline,WCL,1008868.29,High,2
Singori,WCL,2190000.0,High,2
Total,WCL,25428465.72,High,2
MKD-II/III OC,WCL,11497.5,High,2
MKD-I OC,WCL,239440.0,High,2
Umrer OC,WCL,254871.99,High,2
Murpar UG,WCL,2768525.0,High,2
Total,WCL,3274334.49,High,2
Ukni OCM,WCL,1792068.68,High,2
Junad OCM,WCL,382307.98,High,2
KolarPimpri OCM,WCL,286730.99,High,2
Pimpalgaon OCM,WCL,383542.0,High,2
Ghonsa OCM,WCL,5475.0,High,2
Kumbharkhani UG,WCL,860192.97,High,2
Rajur UG,WCL,2867309.88,High,2
Total,WCL,6577627.5,High,2
New Majri II (A) OC,WCL,11169.0,High,2
NavinKunada OC,WCL,278312.5,High,2
JunaKunada OC,WCL,114062.5,High,2
Telwasa OC,WCL,443475.0,High,2
Dhorwasa OC,WCL,383250.0,High,2
Total,WCL,1230269.0,High,2
Sasti OC,WCL,265501.0,High,2
Ballarpur OC,WCL,547500.0,High,2
Gouri I & II OC,WCL,620500.0,High,2
Gouri Deep OC,WCL,73000.0,High,2
Pouni OC,WCL,109500.0,High,2
Sasti UG,WCL,743376.64,High,2
Ballarpur UG,WCL,5086.64,High,2
Total,WCL,2364464.28,High,2
Mungoli OCP,WCL,365000.0,High,2
Kolgaon OCP,WCL,264771.0,High,2
Niljai OCM,WCL,164250.0,High,2
Naigaon OCM,WCL,116800.0,High,2
Ghugus OCP,WCL,87600.0,High,2
Total,WCL,998421.0,High,2
Mahakali Colliery,WCL,1350500.0,High,2
Durgapur Rayatwari Colliery,WCL,2774000.0,High,2
ChandaRayatwari Colliery,WCL,2518500.0,High,2
Durgapur OCP,WCL,109500.0,High,2
Padmapur OCP,WCL,1898000.0,High,2
Mana Incline,WCL,182500.0,High,2
Hindustan Lalpeth OCP,WCL,32850.0,High,2
Nandgaon,WCL,1131500.0,High,2
Bhatadi,WCL,237250.0,High,2
Hindustan Lalpeth Colliery I & III,WCL,2679100.0,High,2
Total,WCL,12913700.0,High,2
Sarni,WCL,0.0,Low,0
Tawa,WCL,0.0,Low,0
Tawa-II,WCL,0.0,Low,0
Chhatarpur – I & II,WCL,0.0,Low,0
Total,WCL,0.0,Low,0
Nandan UG,WCL,54750.0,High,2
Damua UG (Mine closed),WCL,0.0,Low,0
Ambara UG,WCL,16060.0,High,2
Ambara OC(Mine not operational),WCL,0.0,Low,0
Mohan UG,WCL,127750.0,High,2
Tandsi UG,WCL,87600.0,High,2
Ghorawari OC,WCL,65700.0,High,2
Jharna UG,WCL,61685.0,High,2
Total,WCL,413545.0,High,2
Mahadeorupi U/G,WCL,0.0,Low,0
Ganpati U/G,WCL,0.0,Low,0
Vishnupuri -IU/G,WCL,0.0,Low,0
Vishnupuri IIU/G,WCL,0.0,Low,0
Neheriya U/G,WCL,0.0,Low,0
Mathni U/G,WCL,0.0,Low,0
Thesgora U/G,WCL,0.0,Low,0
New Sethia O/C,WCL,0.0,Low,0
Barkuhi O/C,WCL,0.0,Low,0
Chhinda O/C,WCL,0.0,Low,0
Urdhan O/C,WCL,0.0,Low,0
Shivpuri O/C,WCL,0.0,Low,0
Total,WCL,0.0,Low,0
Grand Total WCL (CUM/YEAR),Grand Total WCL (CUM/YEAR),53200826.99,High,2
Tikak,NEC,0.28,Medium,1
Ledo OCP,NEC,0.26,Medium,1
Tirap,NEC,0.16,Low,0
Tipong,NEC,0.0,Low,0
Unknown,NEC,0.7,Medium,1
Tikak,NEC,0.28,Medium,1
Ledo OCP,NEC,0.26,Medium,1
Tirap,NEC,0.16,Low,0
Tipong,NEC,0.0,Low,0
Grand Total NEC (CUM/YEAR),Grand Total NEC (CUM/YEAR),0.7,Medium,1
Amlohri,NCL,0.04,Low,0
Nigahi,NCL,0.05,Low,0
Jayant,NCL,0.0,Low,0
Dudhichua,NCL,0.0,Low,0
Khadia,NCL,0.0,Low,0
Krishnashila,NCL,0.0,Low,0
Bina,NCL,0.0,Low,0
Kakri ',NCL,0.07,Low,0
Jhingurda,NCL,0.01,Low,0
Block-B,NCL,0.0,Low,0
Grand Total NCL (CUM/YEAR),Grand Total NCL (CUM/YEAR),0.17,Low,0
Moira,ECL,63.26,High,2
Khandra,ECL,9.42,High,2
Shankarpur,ECL,8.47,High,2
Bankola,ECL,32.34,High,2
Shyamsundarpur,ECL,12.11,High,2
Tilaboni,ECL,100.85,High,2
Kumardihi 'A',ECL,35.55,High,2
Kumardihi 'B',ECL,71.22,High,2
Nakrakonda,ECL,1.53,Medium,1
Total,Total,334.75,High,2
Jambad,ECL,16.14,High,2
Jambad OCP,ECL,21.9,High,2
Porascole(E + W),ECL,373.61,High,2
NabaKajora,ECL,9.31,High,2
KhasKajora,ECL,7.14,High,2
Central Kajora,ECL,24.45,High,2
Lachipur,ECL,28.38,High,2
Madhabpur,ECL,69.28,High,2
Madhujore,ECL,35.66,High,2
Madhusudanpur,ECL,7.87,High,2
Total,Total,593.75,High,2
"Chora 7,9 pit",ECL,7.89,High,2
CBI,ECL,0.78,Medium,1
Chora 10,ECL,17.47,High,2
C.L.Jambad,ECL,46.41,High,2
New Kenda,ECL,124.87,High,2
Siduli,ECL,11.94,High,2
Bahula,ECL,3.49,Medium,1
Lower Kenda,ECL,1.62,Medium,1
Area Complex,ECL,6.67,High,2
Total,Total,221.14,High,2
Bansra Colliery,ECL,28.2,High,2
North Searsole Colliery,ECL,5.94,High,2
Amritnagar Colliery (Narankuri Seam and Bogra Seam 1),ECL,7.21,High,2
Amritnagar Colliery (Damoda abandoned pits),ECL,8.67,High,2
Parasea Colliery,ECL,2.37,Medium,1
Belbaid Colliery,ECL,2.74,Medium,1
Kunustoria- Amrasota,ECL,20.21,High,2
Total,Total,75.34,High,2
Mohanpur OCP,ECL,53.21,High,2
Gaurandih,ECL,18.25,High,2
Bonjemehari,ECL,11.77,High,2
Dabor,ECL,16.24,High,2
Sangramgarh,ECL,2.08,Medium,1
Chakvallavpur,ECL,2.66,Medium,1
Bermundia,ECL,51.01,High,2
Gaurandih- Begunia,ECL,14.91,High,2
Total,Total,170.14,High,2
Chinakuri I & II,ECL,25.81,High,2
Chinakuri III,ECL,3.29,Medium,1
Bejdih,ECL,19.09,High,2
Patmohna,ECL,1.91,Medium,1
Mithani,ECL,0.33,Medium,1
Dhemomein Pit,ECL,11.75,High,2
DhemomeinInc,ECL,2.7,Medium,1
Narsamuda,ECL,26.79,High,2
Sodepur,ECL,135.98,High,2
Mouthdih,ECL,0.88,Medium,1
Parbelia Group,ECL,0.14,Low,0
Total,Total,228.66,High,2
Bhanora,ECL,2.53,Medium,1
Girmint,ECL,3.56,High,2
Ningha,ECL,2.92,Medium,1
SSI,ECL,2.37,Medium,1
Ghusick,ECL,0.89,Medium,1
Kalipahari,ECL,0.0,Low,0
Total,Total,12.28,High,2
SatgramProj.,ECL,0.88,Medium,1
Satgram Incline,ECL,3.58,High,2
Mithapur,ECL,2.01,Medium,1
Kuardih,ECL,13.92,High,2
J K Nagar,ECL,0.55,Medium,1
Nimcha,ECL,0.77,Medium,1
Kalidaspur,ECL,0.12,Low,0
Total,Total,21.81,High,2
Jhanjra Project Colliery,ECL,1.09,Medium,1
Total,Total,0.77,Medium,1
SonepurBazari OCP,ECL,0.15,Low,0
Total,Total,0.0,Low,0
Chapapur,ECL,0.0,Low,0
Badjna,ECL,0.0,Low,0
Hariajam,ECL,1.52,Medium,1
Khoodia,ECL,0.41,Medium,1
Lakhimata,ECL,5.43,High,2
Shampur-B,ECL,859.07,High,2
Madman,ECL,0.0,Low,0
Kumardhubi,ECL,0.0,Low,0
Gopinathpur,ECL,0.01,Low,0
Rajpura,ECL,0.0,Low,0
Barmuri,ECL,0.0,Low,0
Kapasara,ECL,0.0,Low,0
Total,Total,866.44,High,2
Rajmahal OCP,ECL,0.0,Low,0
Total,Total,0.0,Low,0
Chitra Colliery,ECL,0.0,Low,0
Total,Total,0.0,Low,0
Khottadih OCP,ECL,0.0,Low,0
Khottadih UG,ECL,0.0,Low,0
Pandaveswar Colliery,ECL,0.0,Low,0
Dalurband OCP,ECL,0.0,Low,0
Manderboni Colliery,ECL,0.0,Low,0
Madhaipur Colliery,ECL,0.0,Low,0
South Samla Colliery,ECL,0.0,Low,0
Total,Total,0.0,Low,0
Grand Total,Grand Total,2525.07,High,2
Muraidih,BCCL,0.1,Low,0
Phularitand,BCCL,0.03,Low,0
Damoda,BCCL,0.0,Low,0
Amalgamated B.O.C.P.,BCCL,0.01,Low,0
Maheshpur,BCCL,0.0,Low,0
Jogidih,BCCL,0.0,Low,0
New Akashkinaree colliery,BCCL,0.01,Low,0
Kharkharee,BCCL,0.0,Low,0
Amalgamated Block- 4 Govindpur Colliery,BCCL,0.01,Low,0
AKWMC,BCCL,0.01,Low,0
Salanpur Colliery,BCCL,0.0,Low,0
AARC,BCCL,0.01,Low,0
KatrasChoutidih,BCCL,0.01,Low,0
GTC,BCCL,0.0,Low,0
Nichitpur,BCCL,0.02,Low,0
Mudidih Colliery,BCCL,0.02,Low,0
Tetulmari Colliery,BCCL,0.02,Low,0
Kankanee Colliery,BCCL,0.01,Low,0
SendraBansjora Colliery,BCCL,0.01,Low,0
Alkua&Ena,BCCL,0.0,Low,0
Gondudih K K Colliery,BCCL,0.0,Low,0
Amalgamated Dhansar Industry,BCCL,0.0,Low,0
East Bassuriya,BCCL,0.0,Low,0
Kusunda OCP,BCCL,0.01,Low,0
KB 5/6 PIT,BCCL,0.02,Low,0
P.B.P,BCCL,0.0,Low,0
KB 10/12,BCCL,0.01,Low,0
Bhagabandh,BCCL,0.0,Low,0
Gopalichuk,BCCL,0.02,Low,0
Simlabahal,BCCL,0.04,Low,0
Burragarh,BCCL,0.0,Low,0
Bastacolla,BCCL,0.0,Low,0
Ghanoodih,BCCL,0.0,Low,0
Kuya,BCCL,0.0,Low,0
Joyrampur,BCCL,0.0,Low,0
Jeenagora,BCCL,0.0,Low,0
Lodna,BCCL,0.0,Low,0
Bararee,BCCL,0.0,Low,0
Jealgora,BCCL,0.0,Low,0
Amalgamated NT-ST,BCCL,0.06,Low,0
Bhowra (N),BCCL,0.02,Low,0
Bhowra (S),BCCL,0.0,Low,0
ASP,BCCL,0.01,Low,0
Moonidih,BCCL,0.0,Low,0
Murlidih 20/21 PITS,BCCL,0.0,Low,0
Lohapatti,BCCL,0.0,Low,0
Amalgamated Basantimata- Dahibari,BCCL,0.0,Low,0
Damagoria,BCCL,0.0,Low,0
Unknown,BCCL,0.46,Medium,1
Grand Total BCCL (CUM/YEAR),Grand Total BCCL (CUM/YEAR),168.41,High,2
Jagannath OCP,MCL,1.04,Medium,1
Bhubaneswari OCP,MCL,2.06,Medium,1
Ananta OCP,MCL,3.68,High,2
Lingaraj OCP,MCL,0.18,Low,0
Kaniha OCP,MCL,1.68,Medium,1
Bharatpur OCP,MCL,0.78,Medium,1
Balaram OCP,MCL,1.7,Medium,1
Hingula OCP,MCL,0.01,Low,0
Lakhanpur OCP,MCL,1.35,Medium,1
Belpahar OCP,MCL,8.93,High,2
Lilari OCP,MCL,14.63,High,2
Samaleswari OCP,MCL,0.47,Medium,1
Lajkura OCP,MCL,2.08,Medium,1
Basundhara (W) OCP,MCL,0.67,Medium,1
Kulda OCP,MCL,2.2,Medium,1
Talcher UG,MCL,3.18,Medium,1
Nandira UG,MCL,8.59,High,2
Deulbera UG (Mine Closed),MCL,1.95,Medium,1
Handidhua UG (Mine Closed),MCL,1.19,Medium,1
Orient Mine 1 & 2 UG,MCL,3.28,Medium,1
Orient Mine 3 UG,MCL,0.91,Medium,1
Orient Mine 4 UG,MCL,1.1,Medium,1
HBI Mine UG (Mine Closed),MCL,1.03,Medium,1
Rampur Sub Area,MCL,0.28,Medium,1
Total,Total,62.95,High,2
Magadh,CCL,1.04,Medium,1
Amrapali,CCL,0.58,Medium,1
Ashok,CCL,1.96,Medium,1
Piparwar,CCL,1.38,Medium,1
Bachra,CCL,0.03,Low,0
Rajrappa,CCL,1.46,Medium,1
Dakra OCP,CCL,0.57,Medium,1
KDH OCP,CCL,0.65,Medium,1
Churi UG,CCL,0.15,Low,0
Rohini OCP,CCL,0.37,Medium,1
Purnadih OCP,CCL,0.55,Medium,1
Dhori OCP,CCL,1.98,Medium,1
Tarmi OCP,CCL,6.8,High,2
SDOC,CCL,27.19,High,2
AMLO OC,CCL,3.06,Medium,1
Religara OCP,CCL,0.55,Medium,1
Sirka,CCL,1.04,Medium,1
Argada,CCL,0.0,Low,0
Giddi A,CCL,2.94,Medium,1
Giddi C,CCL,6.74,High,2
Bhurkunda,CCL,1.37,Medium,1
Bhurkunda UG,CCL,1.6,Medium,1
Birsa OC,CCL,1.58,Medium,1
Urimari OC,CCL,2.5,Medium,1
Sayal D,CCL,0.15,Low,0
Urimari UG,CCL,14.15,High,2
Saunda D,CCL,2.36,Medium,1
Sawang,CCL,0.04,Low,0
Govindpur,CCL,0.0,Low,0
Kathara,CCL,37.12,High,2
Jarangdih UG,CCL,2.53,Medium,1
Jarangdih OC,CCL,1.79,Medium,1
Topa Project,CCL,0.92,Medium,1
Pindra Project,CCL,0.42,Medium,1
Sarubera Project,CCL,0.75,Medium,1
Ara OCP,CCL,0.09,Low,0
Pundi OCP,CCL,0.38,Medium,1
Kuju Colliery,CCL,0.75,Medium,1
Karma Project,CCL,0.72,Medium,1
Kedla UG,CCL,0.0,Low,0
Parej East OCP,CCL,1.25,Medium,1
Tapin North OCP,CCL,1.04,Medium,1
Kedla OCP,CCL,2.08,Medium,1
Tapin South OCP,CCL,0.0,Low,0
Jharkhand OCP,CCL,2.16,Medium,1
Konar,CCL,0.16,Low,0
Khasmahal,CCL,0.5,Medium,1
Kargali UG,CCL,0.01,Low,0
Karo OC,CCL,1.4,Medium,1
Kargali OC,CCL,0.93,Medium,1
Bokaro,CCL,0.42,Medium,1
Giridih,CCL,1.38,Medium,1
Grand Total CCL (CUM/YEAR),Grand Total CCL (CUM/YEAR),139.59,High,2
Unit-I (Bhatgaon U/G),SECL,2.75,Medium,1
Unit-II (Mahamaya U/G),SECL,5.88,High,2
Kalyani U/G,SECL,1.46,Medium,1
Shivani U/G,SECL,0.53,Medium,1
Nawapara U/G,SECL,0.31,Medium,1
Dugga OC,SECL,0.0,Low,0
Mahan OC,SECL,0.71,Medium,1
Mahan-II OC,SECL,3.67,High,2
Amadand OCP,SECL,2.77,Medium,1
Bartarai UG,SECL,1.1,Medium,1
BHADRA 7/8 MINE,SECL,0.73,Medium,1
JAMUNA /1 /2,SECL,2.99,Medium,1
MEERA UG,SECL,0.37,Medium,1
GOVINDA,SECL,0.0,Low,0
KOTAMA WEST,SECL,0.0,Low,0
JAMUMA (OC),SECL,0.0,Low,0
JAMUNA 9/10,SECL,0.0,Low,0
Kurja- Sheetaldhara,SECL,0.55,Medium,1
Behrabandh UG Mine,SECL,0.23,Low,0
Rajnagar RO UG Mine,SECL,3.44,Medium,1
Bijuri UG Mine,SECL,0.51,Medium,1
Somna UG Mine,SECL,1.02,Medium,1
Malga UG Mine,SECL,0.0,Low,0
Jhiria UG Mine,SECL,0.68,Medium,1
Rajnagar OC Mine,SECL,0.82,Medium,1
West JKD UG Mine,SECL,1.04,Medium,1
Palkimara UG Mine,SECL,0.26,Medium,1
B Seam UG Mine,SECL,0.0,Low,0
Haldibadi UG Mine,SECL,7.79,High,2
North JKD,SECL,0.0,Low,0
Damni U/G,SECL,0.09,Low,0
Rajendra U/G,SECL,0.29,Medium,1
Khairaha U/G,SECL,0.12,Low,0
Bangwar U/G,SECL,0.07,Low,0
Dhanpuri U/G,SECL,0.73,Medium,1
Amlai OCM,SECL,0.7,Medium,1
Dhanpuri OCM,SECL,0.84,Medium,1
Sharda OCM,SECL,0.69,Medium,1
Nowrozabad U/G Mine,SECL,0.47,Medium,1
Kanchan OC Mine,SECL,1.66,Medium,1
Pali UG Mine,SECL,0.06,Low,0
Birsinghpur UG Mine,SECL,0.06,Low,0
Umaria UG Mine,SECL,3.11,Medium,1
Piparia UG Mine,SECL,2.1,Medium,1
Vindhya UG Mine,SECL,0.52,Medium,1
Pinoura U/G Mine,SECL,0.71,Medium,1
Churcha RO,SECL,6.21,High,2
Jhilimili,SECL,0.04,Low,0
Pandavpara,SECL,0.07,Low,0
Katkona 1&2,SECL,0.59,Medium,1
katkona 3&4,SECL,0.71,Medium,1
Gayatri U/G Mine,SECL,1.1,Medium,1
Rehar U/G Mine,SECL,1.77,Medium,1
Bishrampur OC,SECL,2.92,Medium,1
Amgaon OC,SECL,2.92,Medium,1
Amera OC,SECL,2.63,Medium,1
Balrampur 10/12 U/G Mine,SECL,3.29,Medium,1
Kumda 7/8 U/G Mine,SECL,2.92,Medium,1
Ketki,SECL,0.0,Low,0
Dhelwadih U/G,SECL,0.26,Medium,1
Singhali U/G,SECL,0.26,Medium,1
Bagdeva U/G,SECL,0.78,Medium,1
Banki U/G + Surakachhar 5/6,SECL,0.4,Medium,1
Balgi U/G,SECL,0.98,Medium,1
Surakachhar U/G,SECL,4.13,High,2
Surakachhar 3/4,SECL,0.0,Low,0
Rajgamar U/G,SECL,0.91,Medium,1
Manikpur OC,SECL,1.46,Medium,1
Saraipali,SECL,0.0,Low,0
Gevra Project-1,SECL,71.7,High,2
Kusmunda OC,SECL,20.26,High,2
Rani Atari UG Mine,SECL,1.55,Medium,1
NCPH OLD,SECL,3.04,Medium,1
NCPH R6,SECL,2.04,Medium,1
Vijay West U/G Mine,SECL,4.75,High,2
West Chirimiri Colliery,SECL,0.74,Medium,1
Chirimiri U/G,SECL,0.2,Low,0
Chirimiri OC,SECL,1.03,Medium,1
North Chirimiri Colliery,SECL,0.27,Medium,1
Kurasia Colliery,SECL,0.88,Medium,1
Dipka Expansion Project,SECL,8.6,High,2
Chaal OC Mine,SECL,0.51,Medium,1
Dharam U/G Mine,SECL,0.17,Low,0
Baroud OCP,SECL,0.67,Medium,1
Jampali OC,SECL,1.07,Medium,1
Grand Total SECL (CUM/YEAR),Grand Total SECL (CUM/YEAR),203.61,High,2
