Name of the Mine - Company,Type of WCL - NEC - NCL - ECL - BCCL - MCL - CCL - SECL,Actual_Class_Code,Actual_Class,AIS_Prediction_Code,AIS_Prediction,AIS_Correct,AIS_Probability_Low,AIS_Probability_Medium,AIS_Probability_High
Purnadih OCP,CCL,1,Medium,1,Medium,True,0.3288268094649554,0.3751162562855036,0.29605693424954016
Bhurkunda UG,CCL,1,Medium,1,Medium,True,0.3288268094649554,0.3751162562855036,0.29605693424954016
Grand Total NEC (CUM/YEAR),Grand Total NEC (CUM/YEAR),1,Medium,0,Low,False,0.33815694609423697,0.3350354918211739,0.32680756208458805
Amrapali,CCL,1,Medium,1,Medium,True,0.3288268094649554,0.3751162562855036,0.29605693424954016
Amalgamated Basantimata- Dahibari,BCCL,0,Low,0,Low,True,0.383061459831703,0.31220159059536295,0.3047369495729332
Ambara UG,WCL,2,High,2,High,True,0.32676001807089605,0.28818083441614634,0.38505914751295667
Jambad OCP,ECL,2,High,2,High,True,0.32337879921745655,0.32027372256943404,0.35634747821310875
Jhingurda,NCL,0,Low,0,Low,True,0.3798296639200274,0.316477327130311,0.3036930089496607
Chirimiri OC,SECL,1,Medium,1,Medium,True,0.32805961192080935,0.3683947157385071,0.3035456723406825
Handidhua UG (Mine Closed),MCL,1,Medium,1,Medium,True,0.32405348916676585,0.35460660830772556,0.32133990252550765
Madhabpur,ECL,2,High,2,High,True,0.32337879921745655,0.32027372256943404,0.35634747821310875
Giridih,CCL,1,Medium,1,Medium,True,0.3288268094649554,0.3751162562855036,0.29605693424954016
MKD-II/III OC,WCL,2,High,2,High,True,0.32676001807089605,0.28818083441614634,0.38505914751295667
SDOC,CCL,2,High,1,Medium,False,0.3288268094649554,0.3751162562855036,0.29605693424954016
Total,Total,2,High,2,High,True,0.33144656922192833,0.2930768254306702,0.3754766053474008
Total,Total,0,Low,2,High,False,0.33144656922192833,0.2930768254306702,0.3754766053474008
Nichitpur,BCCL,0,Low,0,Low,True,0.383061459831703,0.31220159059536295,0.3047369495729332
Rajmahal OCP,ECL,0,Low,2,High,False,0.32337879921745655,0.32027372256943404,0.35634747821310875
Unknown,BCCL,1,Medium,0,Low,False,0.383061459831703,0.31220159059536295,0.3047369495729332
MEERA UG,SECL,1,Medium,1,Medium,True,0.32805961192080935,0.3683947157385071,0.3035456723406825
AARC,BCCL,0,Low,0,Low,True,0.383061459831703,0.31220159059536295,0.3047369495729332
Bharatpur OCP,MCL,1,Medium,1,Medium,True,0.32405348916676585,0.35460660830772556,0.32133990252550765
Bhagabandh,BCCL,0,Low,0,Low,True,0.383061459831703,0.31220159059536295,0.3047369495729332
Nawapara U/G,SECL,1,Medium,1,Medium,True,0.32805961192080935,0.3683947157385071,0.3035456723406825
Amalgamated NT-ST,BCCL,0,Low,0,Low,True,0.383061459831703,0.31220159059536295,0.3047369495729332
Moonidih,BCCL,0,Low,0,Low,True,0.383061459831703,0.31220159059536295,0.3047369495729332
New Sethia O/C,WCL,0,Low,2,High,False,0.32676001807089605,0.28818083441614634,0.38505914751295667
Total,Total,2,High,2,High,True,0.33144656922192833,0.2930768254306702,0.3754766053474008
Tirap,NEC,0,Low,1,Medium,False,0.332748183801159,0.3553239516632683,0.3119278645355717
Total,Total,1,Medium,2,High,False,0.33144656922192833,0.2930768254306702,0.3754766053474008
Giddi C,CCL,2,High,1,Medium,False,0.3288268094649554,0.3751162562855036,0.29605693424954016
Sangramgarh,ECL,1,Medium,2,High,False,0.32337879921745655,0.32027372256943404,0.35634747821310875
Gaurandih- Begunia,ECL,2,High,2,High,True,0.32337879921745655,0.32027372256943404,0.35634747821310875
Ketki,SECL,0,Low,1,Medium,False,0.32805961192080935,0.3683947157385071,0.3035456723406825
Nandgaon,WCL,2,High,2,High,True,0.32676001807089605,0.28818083441614634,0.38505914751295667
Pinoura U/G Mine,SECL,1,Medium,1,Medium,True,0.32805961192080935,0.3683947157385071,0.3035456723406825
Amera OC,SECL,1,Medium,1,Medium,True,0.32805961192080935,0.3683947157385071,0.3035456723406825
Tawa,WCL,0,Low,2,High,False,0.32676001807089605,0.28818083441614634,0.38505914751295667
Sodepur,ECL,2,High,2,High,True,0.32337879921745655,0.32027372256943404,0.35634747821310875
B Seam UG Mine,SECL,0,Low,1,Medium,False,0.32805961192080935,0.3683947157385071,0.3035456723406825
Krishnashila,NCL,0,Low,0,Low,True,0.3798296639200274,0.316477327130311,0.3036930089496607
Gopalichuk,BCCL,0,Low,0,Low,True,0.383061459831703,0.31220159059536295,0.3047369495729332
Mudidih Colliery,BCCL,0,Low,0,Low,True,0.383061459831703,0.31220159059536295,0.3047369495729332
Religara OCP,CCL,1,Medium,1,Medium,True,0.3288268094649554,0.3751162562855036,0.29605693424954016
Madhusudanpur,ECL,2,High,2,High,True,0.32337879921745655,0.32027372256943404,0.35634747821310875
Total,Total,2,High,2,High,True,0.33144656922192833,0.2930768254306702,0.3754766053474008
Ara OCP,CCL,0,Low,1,Medium,False,0.3288268094649554,0.3751162562855036,0.29605693424954016
Durgapur Rayatwari Colliery,WCL,2,High,2,High,True,0.32676001807089605,0.28818083441614634,0.38505914751295667
Nimcha,ECL,1,Medium,2,High,False,0.32337879921745655,0.32027372256943404,0.35634747821310875
Kuardih,ECL,2,High,2,High,True,0.32337879921745655,0.32027372256943404,0.35634747821310875
Amalgamated B.O.C.P.,BCCL,0,Low,0,Low,True,0.383061459831703,0.31220159059536295,0.3047369495729332
Tipong,NEC,0,Low,1,Medium,False,0.332748183801159,0.3553239516632683,0.3119278645355717
Ghanoodih,BCCL,0,Low,0,Low,True,0.383061459831703,0.31220159059536295,0.3047369495729332
Girmint,ECL,2,High,2,High,True,0.32337879921745655,0.32027372256943404,0.35634747821310875
Bansra Colliery,ECL,2,High,2,High,True,0.32337879921745655,0.32027372256943404,0.35634747821310875
Grand Total,Grand Total,2,High,0,Low,False,0.33815694609423697,0.3350354918211739,0.32680756208458805
Jarangdih OC,CCL,1,Medium,1,Medium,True,0.3288268094649554,0.3751162562855036,0.29605693424954016
North Chirimiri Colliery,SECL,1,Medium,1,Medium,True,0.32805961192080935,0.3683947157385071,0.3035456723406825
Junad OCM,WCL,2,High,2,High,True,0.32676001807089605,0.28818083441614634,0.38505914751295667
Pali UG Mine,SECL,0,Low,1,Medium,False,0.32805961192080935,0.3683947157385071,0.3035456723406825
ASP,BCCL,0,Low,0,Low,True,0.383061459831703,0.31220159059536295,0.3047369495729332
KDH OCP,CCL,1,Medium,1,Medium,True,0.3288268094649554,0.3751162562855036,0.29605693424954016
KolarPimpri OCM,WCL,2,High,2,High,True,0.32676001807089605,0.28818083441614634,0.38505914751295667
Mohanpur OCP,ECL,2,High,2,High,True,0.32337879921745655,0.32027372256943404,0.35634747821310875
Kulda OCP,MCL,1,Medium,1,Medium,True,0.32405348916676585,0.35460660830772556,0.32133990252550765
Murpar UG,WCL,2,High,2,High,True,0.32676001807089605,0.28818083441614634,0.38505914751295667
Shankarpur,ECL,2,High,2,High,True,0.32337879921745655,0.32027372256943404,0.35634747821310875
West Chirimiri Colliery,SECL,1,Medium,1,Medium,True,0.32805961192080935,0.3683947157385071,0.3035456723406825
Jambad,ECL,2,High,2,High,True,0.32337879921745655,0.32027372256943404,0.35634747821310875
Sasti OC,WCL,2,High,2,High,True,0.32676001807089605,0.28818083441614634,0.38505914751295667
Khandra,ECL,2,High,2,High,True,0.32337879921745655,0.32027372256943404,0.35634747821310875
Jhanjra Project Colliery,ECL,1,Medium,2,High,False,0.32337879921745655,0.32027372256943404,0.35634747821310875
Kumda 7/8 U/G Mine,SECL,1,Medium,1,Medium,True,0.32805961192080935,0.3683947157385071,0.3035456723406825
Gondegaon OCM,WCL,2,High,2,High,True,0.32676001807089605,0.28818083441614634,0.38505914751295667
Damagoria,BCCL,0,Low,0,Low,True,0.383061459831703,0.31220159059536295,0.3047369495729332
Dugga OC,SECL,0,Low,1,Medium,False,0.32805961192080935,0.3683947157385071,0.3035456723406825
NCPH OLD,SECL,1,Medium,1,Medium,True,0.32805961192080935,0.3683947157385071,0.3035456723406825
Khottadih OCP,ECL,0,Low,2,High,False,0.32337879921745655,0.32027372256943404,0.35634747821310875
West JKD UG Mine,SECL,1,Medium,1,Medium,True,0.32805961192080935,0.3683947157385071,0.3035456723406825
Madhaipur Colliery,ECL,0,Low,2,High,False,0.32337879921745655,0.32027372256943404,0.35634747821310875
Chinakuri III,ECL,1,Medium,2,High,False,0.32337879921745655,0.32027372256943404,0.35634747821310875
Inder UG to OC,WCL,2,High,2,High,True,0.32676001807089605,0.28818083441614634,0.38505914751295667
Kalidaspur,ECL,0,Low,2,High,False,0.32337879921745655,0.32027372256943404,0.35634747821310875
Sirka,CCL,1,Medium,1,Medium,True,0.3288268094649554,0.3751162562855036,0.29605693424954016
Behrabandh UG Mine,SECL,0,Low,1,Medium,False,0.32805961192080935,0.3683947157385071,0.3035456723406825
