Name of the Mine - Company,Type of WCL - NEC - NCL - ECL - BCCL - MCL - CCL - SECL,Actual_Class_Code,Actual_Class,PSO_Prediction_Code,PSO_Prediction,PSO_Correct,PSO_Probability_Low,PSO_Probability_Medium,PSO_Probability_High
Purnadih OCP,CCL,1,Medium,1,Medium,True,0.33133359983653893,0.37597663683619703,0.2926897633272629
Bhurkunda UG,CCL,1,Medium,1,Medium,True,0.33133359983653893,0.37597663683619703,0.2926897633272629
Grand Total NEC (CUM/YEAR),Grand Total NEC (CUM/YEAR),1,Medium,0,Low,False,0.34084410043413155,0.33767997971545693,0.32147591985041074
Amrapali,CCL,1,Medium,1,Medium,True,0.33133359983653893,0.37597663683619703,0.2926897633272629
Amalgamated Basantimata- Dahibari,BCCL,0,Low,0,Low,True,0.3750944833464609,0.31917234386398047,0.30573317278955786
Ambara UG,WCL,2,High,2,High,True,0.3255444515235438,0.2758442723590431,0.39861127611741237
Jambad OCP,ECL,2,High,2,High,True,0.32472765009212284,0.3218259358907424,0.35344641401713384
Jhingurda,NCL,0,Low,0,Low,True,0.3838413744750447,0.3143757247962712,0.30178290072868325
Chirimiri OC,SECL,1,Medium,1,Medium,True,0.32910576531547314,0.3726366336182256,0.29825760106630017
Handidhua UG (Mine Closed),MCL,1,Medium,1,Medium,True,0.32579765499328384,0.3574255006132969,0.31677684439341847
Madhabpur,ECL,2,High,2,High,True,0.32472765009212284,0.3218259358907424,0.35344641401713384
Giridih,CCL,1,Medium,1,Medium,True,0.33133359983653893,0.37597663683619703,0.2926897633272629
MKD-II/III OC,WCL,2,High,2,High,True,0.3255444515235438,0.2758442723590431,0.39861127611741237
SDOC,CCL,2,High,1,Medium,False,0.33133359983653893,0.37597663683619703,0.2926897633272629
Total,Total,2,High,2,High,True,0.3267464456880817,0.292508482696064,0.3807450716158535
Total,Total,0,Low,2,High,False,0.3267464456880817,0.292508482696064,0.3807450716158535
Nichitpur,BCCL,0,Low,0,Low,True,0.3750944833464609,0.31917234386398047,0.30573317278955786
Rajmahal OCP,ECL,0,Low,2,High,False,0.32472765009212284,0.3218259358907424,0.35344641401713384
Unknown,BCCL,1,Medium,0,Low,False,0.3750944833464609,0.31917234386398047,0.30573317278955786
MEERA UG,SECL,1,Medium,1,Medium,True,0.32910576531547314,0.3726366336182256,0.29825760106630017
AARC,BCCL,0,Low,0,Low,True,0.3750944833464609,0.31917234386398047,0.30573317278955786
Bharatpur OCP,MCL,1,Medium,1,Medium,True,0.32579765499328384,0.3574255006132969,0.31677684439341847
Bhagabandh,BCCL,0,Low,0,Low,True,0.3750944833464609,0.31917234386398047,0.30573317278955786
Nawapara U/G,SECL,1,Medium,1,Medium,True,0.32910576531547314,0.3726366336182256,0.29825760106630017
Amalgamated NT-ST,BCCL,0,Low,0,Low,True,0.3750944833464609,0.31917234386398047,0.30573317278955786
Moonidih,BCCL,0,Low,0,Low,True,0.3750944833464609,0.31917234386398047,0.30573317278955786
New Sethia O/C,WCL,0,Low,2,High,False,0.3255444515235438,0.2758442723590431,0.39861127611741237
Total,Total,2,High,2,High,True,0.3267464456880817,0.292508482696064,0.3807450716158535
Tirap,NEC,0,Low,1,Medium,False,0.33534119198035095,0.3647847158092214,0.29987409221042655
Total,Total,1,Medium,2,High,False,0.3267464456880817,0.292508482696064,0.3807450716158535
Giddi C,CCL,2,High,1,Medium,False,0.33133359983653893,0.37597663683619703,0.2926897633272629
Sangramgarh,ECL,1,Medium,2,High,False,0.32472765009212284,0.3218259358907424,0.35344641401713384
Gaurandih- Begunia,ECL,2,High,2,High,True,0.32472765009212284,0.3218259358907424,0.35344641401713384
Ketki,SECL,0,Low,1,Medium,False,0.32910576531547314,0.3726366336182256,0.29825760106630017
Nandgaon,WCL,2,High,2,High,True,0.3255444515235438,0.2758442723590431,0.39861127611741237
Pinoura U/G Mine,SECL,1,Medium,1,Medium,True,0.32910576531547314,0.3726366336182256,0.29825760106630017
Amera OC,SECL,1,Medium,1,Medium,True,0.32910576531547314,0.3726366336182256,0.29825760106630017
Tawa,WCL,0,Low,2,High,False,0.3255444515235438,0.2758442723590431,0.39861127611741237
Sodepur,ECL,2,High,2,High,True,0.32472765009212284,0.3218259358907424,0.35344641401713384
B Seam UG Mine,SECL,0,Low,1,Medium,False,0.32910576531547314,0.3726366336182256,0.29825760106630017
Krishnashila,NCL,0,Low,0,Low,True,0.3838413744750447,0.3143757247962712,0.30178290072868325
Gopalichuk,BCCL,0,Low,0,Low,True,0.3750944833464609,0.31917234386398047,0.30573317278955786
Mudidih Colliery,BCCL,0,Low,0,Low,True,0.3750944833464609,0.31917234386398047,0.30573317278955786
Religara OCP,CCL,1,Medium,1,Medium,True,0.33133359983653893,0.37597663683619703,0.2926897633272629
Madhusudanpur,ECL,2,High,2,High,True,0.32472765009212284,0.3218259358907424,0.35344641401713384
Total,Total,2,High,2,High,True,0.3267464456880817,0.292508482696064,0.3807450716158535
Ara OCP,CCL,0,Low,1,Medium,False,0.33133359983653893,0.37597663683619703,0.2926897633272629
Durgapur Rayatwari Colliery,WCL,2,High,2,High,True,0.3255444515235438,0.2758442723590431,0.39861127611741237
Nimcha,ECL,1,Medium,2,High,False,0.32472765009212284,0.3218259358907424,0.35344641401713384
Kuardih,ECL,2,High,2,High,True,0.32472765009212284,0.3218259358907424,0.35344641401713384
Amalgamated B.O.C.P.,BCCL,0,Low,0,Low,True,0.3750944833464609,0.31917234386398047,0.30573317278955786
Tipong,NEC,0,Low,1,Medium,False,0.33534119198035095,0.3647847158092214,0.29987409221042655
Ghanoodih,BCCL,0,Low,0,Low,True,0.3750944833464609,0.31917234386398047,0.30573317278955786
Girmint,ECL,2,High,2,High,True,0.32472765009212284,0.3218259358907424,0.35344641401713384
Bansra Colliery,ECL,2,High,2,High,True,0.32472765009212284,0.3218259358907424,0.35344641401713384
Grand Total,Grand Total,2,High,0,Low,False,0.34084410043413155,0.33767997971545693,0.32147591985041074
Jarangdih OC,CCL,1,Medium,1,Medium,True,0.33133359983653893,0.37597663683619703,0.2926897633272629
North Chirimiri Colliery,SECL,1,Medium,1,Medium,True,0.32910576531547314,0.3726366336182256,0.29825760106630017
Junad OCM,WCL,2,High,2,High,True,0.3255444515235438,0.2758442723590431,0.39861127611741237
Pali UG Mine,SECL,0,Low,1,Medium,False,0.32910576531547314,0.3726366336182256,0.29825760106630017
ASP,BCCL,0,Low,0,Low,True,0.3750944833464609,0.31917234386398047,0.30573317278955786
KDH OCP,CCL,1,Medium,1,Medium,True,0.33133359983653893,0.37597663683619703,0.2926897633272629
KolarPimpri OCM,WCL,2,High,2,High,True,0.3255444515235438,0.2758442723590431,0.39861127611741237
Mohanpur OCP,ECL,2,High,2,High,True,0.32472765009212284,0.3218259358907424,0.35344641401713384
Kulda OCP,MCL,1,Medium,1,Medium,True,0.32579765499328384,0.3574255006132969,0.31677684439341847
Murpar UG,WCL,2,High,2,High,True,0.3255444515235438,0.2758442723590431,0.39861127611741237
Shankarpur,ECL,2,High,2,High,True,0.32472765009212284,0.3218259358907424,0.35344641401713384
West Chirimiri Colliery,SECL,1,Medium,1,Medium,True,0.32910576531547314,0.3726366336182256,0.29825760106630017
Jambad,ECL,2,High,2,High,True,0.32472765009212284,0.3218259358907424,0.35344641401713384
Sasti OC,WCL,2,High,2,High,True,0.3255444515235438,0.2758442723590431,0.39861127611741237
Khandra,ECL,2,High,2,High,True,0.32472765009212284,0.3218259358907424,0.35344641401713384
Jhanjra Project Colliery,ECL,1,Medium,2,High,False,0.32472765009212284,0.3218259358907424,0.35344641401713384
Kumda 7/8 U/G Mine,SECL,1,Medium,1,Medium,True,0.32910576531547314,0.3726366336182256,0.29825760106630017
Gondegaon OCM,WCL,2,High,2,High,True,0.3255444515235438,0.2758442723590431,0.39861127611741237
Damagoria,BCCL,0,Low,0,Low,True,0.3750944833464609,0.31917234386398047,0.30573317278955786
Dugga OC,SECL,0,Low,1,Medium,False,0.32910576531547314,0.3726366336182256,0.29825760106630017
NCPH OLD,SECL,1,Medium,1,Medium,True,0.32910576531547314,0.3726366336182256,0.29825760106630017
Khottadih OCP,ECL,0,Low,2,High,False,0.32472765009212284,0.3218259358907424,0.35344641401713384
West JKD UG Mine,SECL,1,Medium,1,Medium,True,0.32910576531547314,0.3726366336182256,0.29825760106630017
Madhaipur Colliery,ECL,0,Low,2,High,False,0.32472765009212284,0.3218259358907424,0.35344641401713384
Chinakuri III,ECL,1,Medium,2,High,False,0.32472765009212284,0.3218259358907424,0.35344641401713384
Inder UG to OC,WCL,2,High,2,High,True,0.3255444515235438,0.2758442723590431,0.39861127611741237
Kalidaspur,ECL,0,Low,2,High,False,0.32472765009212284,0.3218259358907424,0.35344641401713384
Sirka,CCL,1,Medium,1,Medium,True,0.33133359983653893,0.37597663683619703,0.2926897633272629
Behrabandh UG Mine,SECL,0,Low,1,Medium,False,0.32910576531547314,0.3726366336182256,0.29825760106630017
