Iteration,Iteration_Best_Fitness,Iteration_Average_Fitness,Iteration_Worst_Fitness,Global_Best_Fitness,Inertia_Weight,Best_n_estimators,Best_max_depth,Best_min_samples_split,Best_min_samples_leaf,Best_max_features
1,0.6911970190964136,0.653255188117787,0.6294312477358589,0.6911970190964136,0.9,108,24,13,3,sqrt
2,0.6911970190964136,0.6612016767582674,0.6293536200382964,0.6911970190964136,0.8444444444444444,108,24,13,3,sqrt
3,0.6911970190964136,0.6550095740826994,0.6382290534596077,0.6911970190964136,0.788888888888889,108,24,13,3,sqrt
4,0.6911970190964136,0.6644335765667857,0.6382290534596077,0.6911970190964136,0.7333333333333334,108,24,13,3,sqrt
5,0.6911970190964136,0.6517621487346684,0.6382290534596077,0.6911970190964136,0.6777777777777778,108,24,13,3,sqrt
6,0.6824250892718521,0.6561895150856493,0.6382290534596077,0.6911970190964136,0.6222222222222222,108,24,13,3,sqrt
7,0.6911970190964136,0.6706049785230037,0.6382290534596077,0.6911970190964136,0.5666666666666667,108,24,13,3,sqrt
8,0.6911970190964136,0.6729752108885784,0.6470268591833567,0.6911970190964136,0.5111111111111111,108,24,13,3,sqrt
9,0.6911970190964136,0.6765124463075092,0.6382290534596077,0.6911970190964136,0.4555555555555556,108,24,13,3,sqrt
10,0.6911970190964136,0.6685271438182477,0.644077006675982,0.6911970190964136,0.4,108,24,13,3,sqrt
