Name of the Mine - Company,Type of WCL - NEC - NCL - ECL - BCCL - MCL - CCL - SECL,Quantity for Coal production
Saoner UG,WCL,3442242
Adasa UG,WCL,448950
Patansaongi UG,WCL,408591.66
Silewara UG,WCL,496400
Pipla UG,WCL,673021.35
Kamptee OCM,WCL,8716622.05
Inder UG to OC,WCL,2204600
Gondegaon OCM,WCL,5734619.77
Bhanegaon OCM,WCL,51100
Waghoda,WCL,53450.6
AB Incline,WCL,1008868.29
Singori,WCL,2190000
Total,WCL,25428465.72
MKD-II/III OC,WCL,11497.5
MKD-I OC,WCL,239440
Umrer OC,WCL,254871.99
Murpar UG,WCL,2768525
Total,WCL,3274334.49
Ukni OCM,WCL,1792068.68
Junad OCM,WCL,382307.98
KolarPimpri OCM,WCL,286730.99
Pimpalgaon OCM,WCL,383542
Ghonsa OCM,WCL,5475
Kumbharkhani UG,WCL,860192.97
Rajur UG,WCL,2867309.88
Total,WCL,6577627.5
New Majri II (A) OC,WCL,11169
NavinKunada OC,WCL,278312.5
JunaKunada OC,WCL,114062.5
Telwasa OC,WCL,443475
Dhorwasa OC,WCL,383250
Total,WCL,1230269
Sasti OC,WCL,265501
Ballarpur OC,WCL,547500
Gouri I & II OC,WCL,620500
Gouri Deep OC,WCL,73000
Pouni OC,WCL,109500
Sasti UG,WCL,743376.64
Ballarpur UG,WCL,5086.64
Total,WCL,2364464.28
Mungoli OCP,WCL,365000
Kolgaon OCP,WCL,264771
Niljai OCM,WCL,164250
Naigaon OCM,WCL,116800
Ghugus OCP,WCL,87600
Total,WCL,998421
Mahakali Colliery,WCL,1350500
Durgapur Rayatwari Colliery,WCL,2774000
ChandaRayatwari Colliery,WCL,2518500
Durgapur OCP,WCL,109500
Padmapur OCP,WCL,1898000
Mana Incline,WCL,182500
Hindustan Lalpeth OCP,WCL,32850
Nandgaon,WCL,1131500
Bhatadi,WCL,237250
Hindustan Lalpeth Colliery I & III,WCL,2679100
Total,WCL,12913700
Sarni,WCL,0
Tawa,WCL,0
Tawa-II,WCL,0
Chhatarpur – I & II,WCL,0
Total,WCL,0
Nandan UG,WCL,54750
Damua UG (Mine closed),WCL,0
Ambara UG,WCL,16060
Ambara OC(Mine not operational),WCL,0
Mohan UG,WCL,127750
Tandsi UG,WCL,87600
Ghorawari OC,WCL,65700
Jharna UG,WCL,61685
Total,WCL,413545
Mahadeorupi U/G,WCL,0
Ganpati U/G,WCL,0
Vishnupuri -IU/G,WCL,0
Vishnupuri IIU/G,WCL,0
Neheriya U/G,WCL,0
Mathni U/G,WCL,0
Thesgora U/G,WCL,0
New Sethia O/C,WCL,0
Barkuhi O/C,WCL,0
Chhinda O/C,WCL,0
Urdhan O/C,WCL,0
Shivpuri O/C,WCL,0
Total,WCL,0
Grand Total WCL (CUM/YEAR),Grand Total WCL (CUM/YEAR),53200826.99
Tikak,NEC,0.28
Ledo OCP,NEC,0.26
Tirap,NEC,0.16
Tipong,NEC,0
NA,NEC,0.7
Tikak,NEC,0.28
Ledo OCP,NEC,0.26
Tirap,NEC,0.16
Tipong,NEC,0
Grand Total NEC (CUM/YEAR),Grand Total NEC (CUM/YEAR),0.70
Amlohri,NCL,0.04
Nigahi,NCL,0.05
Jayant,NCL,0
Dudhichua,NCL,0
Khadia,NCL,0
Krishnashila,NCL,0
Bina,NCL,0
Kakri ',NCL,0.07
Jhingurda,NCL,0.01
Block-B,NCL,0
Grand Total NCL (CUM/YEAR),Grand Total NCL (CUM/YEAR),0.17
Moira,ECL,63.26
Khandra,ECL,9.42
Shankarpur,ECL,8.47
Bankola,ECL,32.34
Shyamsundarpur,ECL,12.11
Tilaboni,ECL,100.85
Kumardihi 'A',ECL,35.55
Kumardihi 'B',ECL,71.22
Nakrakonda,ECL,1.53
Total,Total,334.75
Jambad,ECL,16.14
Jambad OCP,ECL,21.9
Porascole(E + W),ECL,373.61
NabaKajora,ECL,9.31
KhasKajora,ECL,7.14
Central Kajora,ECL,24.45
Lachipur,ECL,28.38
Madhabpur,ECL,69.28
Madhujore,ECL,35.66
Madhusudanpur,ECL,7.87
Total,Total,593.75
"Chora 7,9 pit",ECL,7.89
CBI,ECL,0.78
Chora 10,ECL,17.47
C.L.Jambad,ECL,46.41
New Kenda,ECL,124.87
Siduli,ECL,11.94
Bahula,ECL,3.49
Lower Kenda,ECL,1.62
Area Complex,ECL,6.67
Total,Total,221.14
Bansra Colliery,ECL,28.2
North Searsole Colliery,ECL,5.94
Amritnagar Colliery (Narankuri Seam and Bogra Seam 1),ECL,7.21
Amritnagar Colliery (Damoda abandoned pits),ECL,8.67
Parasea Colliery,ECL,2.37
Belbaid Colliery,ECL,2.74
Kunustoria- Amrasota,ECL,20.21
Total,Total,75.34
Mohanpur OCP,ECL,53.21
Gaurandih,ECL,18.25
Bonjemehari,ECL,11.77
Dabor,ECL,16.24
Sangramgarh,ECL,2.08
Chakvallavpur,ECL,2.66
Bermundia,ECL,51.01
Gaurandih- Begunia,ECL,14.91
Total,Total,170.14
Chinakuri I & II,ECL,25.81
Chinakuri III,ECL,3.29
Bejdih,ECL,19.09
Patmohna,ECL,1.91
Mithani,ECL,0.33
Dhemomein Pit,ECL,11.75
DhemomeinInc,ECL,2.7
Narsamuda,ECL,26.79
Sodepur,ECL,135.98
Mouthdih,ECL,0.88
Parbelia Group,ECL,0.14
Total,Total,228.66
Bhanora,ECL,2.53
Girmint,ECL,3.56
Ningha,ECL,2.92
SSI,ECL,2.37
Ghusick,ECL,0.89
Kalipahari,ECL,0
Total,Total,12.28
SatgramProj.,ECL,0.88
Satgram Incline,ECL,3.58
Mithapur,ECL,2.01
Kuardih,ECL,13.92
J K Nagar,ECL,0.55
Nimcha,ECL,0.77
Kalidaspur,ECL,0.12
Total,Total,21.81
Jhanjra Project Colliery,ECL,1.09
Total,Total,0.77
SonepurBazari OCP,ECL,0.15
Total,Total,0
Chapapur,ECL,0
Badjna,ECL,0
Hariajam,ECL,1.52
Khoodia,ECL,0.41
Lakhimata,ECL,5.43
Shampur-B,ECL,859.07
Madman,ECL,0
Kumardhubi,ECL,0
Gopinathpur,ECL,0.01
Rajpura,ECL,0
Barmuri,ECL,0
Kapasara,ECL,0
Total,Total,866.44
Rajmahal OCP,ECL,0
Total,Total,0
Chitra Colliery,ECL,0
Total,Total,0
Khottadih OCP,ECL,0
Khottadih UG,ECL,0
Pandaveswar Colliery,ECL,0
Dalurband OCP,ECL,0
Manderboni Colliery,ECL,0
Madhaipur Colliery,ECL,0
South Samla Colliery,ECL,0
Total,Total,0
Grand Total,Grand Total,2525.07
Muraidih,BCCL,0.1
Phularitand,BCCL,0.03
Damoda,BCCL,0
Amalgamated B.O.C.P.,BCCL,0.01
Maheshpur,BCCL,0
Jogidih,BCCL,0
New Akashkinaree colliery,BCCL,0.01
Kharkharee,BCCL,0
Amalgamated Block- 4 Govindpur Colliery,BCCL,0.01
AKWMC,BCCL,0.01
Salanpur Colliery,BCCL,0
AARC,BCCL,0.01
KatrasChoutidih,BCCL,0.01
GTC,BCCL,0
Nichitpur,BCCL,0.02
Mudidih Colliery,BCCL,0.02
Tetulmari Colliery,BCCL,0.02
Kankanee Colliery,BCCL,0.01
SendraBansjora Colliery,BCCL,0.01
Alkua&Ena,BCCL,0
Gondudih K K Colliery,BCCL,0
Amalgamated Dhansar Industry,BCCL,0
East Bassuriya,BCCL,0
Kusunda OCP,BCCL,0.01
KB 5/6 PIT,BCCL,0.02
P.B.P,BCCL,0
KB 10/12,BCCL,0.01
Bhagabandh,BCCL,0
Gopalichuk,BCCL,0.02
Simlabahal,BCCL,0.04
Burragarh,BCCL,0
Bastacolla,BCCL,0
Ghanoodih,BCCL,0
Kuya,BCCL,0
Joyrampur,BCCL,0
Jeenagora,BCCL,0
Lodna,BCCL,0
Bararee,BCCL,0
Jealgora,BCCL,0
Amalgamated NT-ST,BCCL,0.06
Bhowra (N),BCCL,0.02
Bhowra (S),BCCL,0
ASP,BCCL,0.01
Moonidih,BCCL,0
Murlidih 20/21 PITS,BCCL,0
Lohapatti,BCCL,0
Amalgamated Basantimata- Dahibari,BCCL,0
Damagoria,BCCL,0
NA,BCCL,0.46
Grand Total BCCL (CUM/YEAR),Grand Total BCCL (CUM/YEAR),168.41
Jagannath OCP,MCL,1.04
Bhubaneswari OCP,MCL,2.06
Ananta OCP,MCL,3.68
Lingaraj OCP,MCL,0.18
Kaniha OCP,MCL,1.68
Bharatpur OCP,MCL,0.78
Balaram OCP,MCL,1.7
Hingula OCP,MCL,0.01
Lakhanpur OCP,MCL,1.35
Belpahar OCP,MCL,8.93
Lilari OCP,MCL,14.63
Samaleswari OCP,MCL,0.47
Lajkura OCP,MCL,2.08
Basundhara (W) OCP,MCL,0.67
Kulda OCP,MCL,2.2
Talcher UG,MCL,3.18
Nandira UG,MCL,8.59
Deulbera UG (Mine Closed),MCL,1.95
Handidhua UG (Mine Closed),MCL,1.19
Orient Mine 1 & 2 UG,MCL,3.28
Orient Mine 3 UG,MCL,0.91
Orient Mine 4 UG,MCL,1.1
HBI Mine UG (Mine Closed),MCL,1.03
Rampur Sub Area,MCL,0.28
Total,Total,62.95
Magadh,CCL,1.04
Amrapali,CCL,0.58
Ashok,CCL,1.96
Piparwar,CCL,1.38
Bachra,CCL,0.03
Rajrappa,CCL,1.46
Dakra OCP,CCL,0.57
KDH OCP,CCL,0.65
Churi UG,CCL,0.15
Rohini OCP,CCL,0.37
Purnadih OCP,CCL,0.55
Dhori OCP,CCL,1.98
Tarmi OCP,CCL,6.8
SDOC,CCL,27.19
AMLO OC,CCL,3.06
Religara OCP,CCL,0.55
Sirka,CCL,1.04
Argada,CCL,0
Giddi A,CCL,2.94
Giddi C,CCL,6.74
Bhurkunda,CCL,1.37
Bhurkunda UG,CCL,1.6
Birsa OC,CCL,1.58
Urimari OC,CCL,2.5
Sayal D,CCL,0.15
Urimari UG,CCL,14.15
Saunda D,CCL,2.36
Sawang,CCL,0.04
Govindpur,CCL,0
Kathara,CCL,37.12
Jarangdih UG,CCL,2.53
Jarangdih OC,CCL,1.79
Topa Project,CCL,0.92
Pindra Project,CCL,0.42
Sarubera Project,CCL,0.75
Ara OCP,CCL,0.09
Pundi OCP,CCL,0.38
Kuju Colliery,CCL,0.75
Karma Project,CCL,0.72
Kedla UG,CCL,0
Parej East OCP,CCL,1.25
Tapin North OCP,CCL,1.04
Kedla OCP,CCL,2.08
Tapin South OCP,CCL,0
Jharkhand OCP,CCL,2.16
Konar,CCL,0.16
Khasmahal,CCL,0.5
Kargali UG,CCL,0.01
Karo OC,CCL,1.4
Kargali OC,CCL,0.93
Bokaro,CCL,0.42
Giridih,CCL,1.38
Grand Total CCL (CUM/YEAR),Grand Total CCL (CUM/YEAR),139.59
Unit-I (Bhatgaon U/G),SECL,2.75
Unit-II (Mahamaya U/G),SECL,5.88
Kalyani U/G,SECL,1.46
Shivani U/G,SECL,0.53
Nawapara U/G,SECL,0.31
Dugga OC,SECL,0
Mahan OC,SECL,0.71
Mahan-II OC,SECL,3.67
Amadand OCP,SECL,2.77
Bartarai UG,SECL,1.1
BHADRA 7/8 MINE,SECL,0.73
JAMUNA /1 /2,SECL,2.99
MEERA UG,SECL,0.37
GOVINDA,SECL,0
KOTAMA WEST,SECL,0
JAMUMA (OC),SECL,0
JAMUNA 9/10,SECL,0
Kurja- Sheetaldhara,SECL,0.55
Behrabandh UG Mine,SECL,0.23
Rajnagar RO UG Mine,SECL,3.44
Bijuri UG Mine,SECL,0.51
Somna UG Mine,SECL,1.02
Malga UG Mine,SECL,0
Jhiria UG Mine,SECL,0.68
Rajnagar OC Mine,SECL,0.82
West JKD UG Mine,SECL,1.04
Palkimara UG Mine,SECL,0.26
B Seam UG Mine,SECL,0
Haldibadi UG Mine,SECL,7.79
North JKD,SECL,0
Damni U/G,SECL,0.09
Rajendra U/G,SECL,0.29
Khairaha U/G,SECL,0.12
Bangwar U/G,SECL,0.07
Dhanpuri U/G,SECL,0.73
Amlai OCM,SECL,0.7
Dhanpuri OCM,SECL,0.84
Sharda OCM,SECL,0.69
Nowrozabad U/G Mine,SECL,0.47
Kanchan OC Mine,SECL,1.66
Pali UG Mine,SECL,0.06
Birsinghpur UG Mine,SECL,0.06
Umaria UG Mine,SECL,3.11
Piparia UG Mine,SECL,2.1
Vindhya UG Mine,SECL,0.52
Pinoura U/G Mine,SECL,0.71
Churcha RO,SECL,6.21
Jhilimili,SECL,0.04
Pandavpara,SECL,0.07
Katkona 1&2,SECL,0.59
katkona 3&4,SECL,0.71
Gayatri U/G Mine,SECL,1.1
Rehar U/G Mine,SECL,1.77
Bishrampur OC,SECL,2.92
Amgaon OC,SECL,2.92
Amera OC,SECL,2.63
Balrampur 10/12 U/G Mine,SECL,3.29
Kumda 7/8 U/G Mine,SECL,2.92
Ketki,SECL,0
Dhelwadih U/G,SECL,0.26
Singhali U/G,SECL,0.26
Bagdeva U/G,SECL,0.78
Banki U/G + Surakachhar 5/6,SECL,0.4
Balgi U/G,SECL,0.98
Surakachhar U/G,SECL,4.13
Surakachhar 3/4,SECL,0
Rajgamar U/G,SECL,0.91
Manikpur OC,SECL,1.46
Saraipali,SECL,0
Gevra Project-1,SECL,71.7
Kusmunda OC,SECL,20.26
Rani Atari UG Mine,SECL,1.55
NCPH OLD,SECL,3.04
NCPH R6,SECL,2.04
Vijay West U/G Mine,SECL,4.75
West Chirimiri Colliery,SECL,0.74
Chirimiri U/G,SECL,0.2
Chirimiri OC,SECL,1.03
North Chirimiri Colliery,SECL,0.27
Kurasia Colliery,SECL,0.88
Dipka Expansion Project,SECL,8.6
Chaal OC Mine,SECL,0.51
Dharam U/G Mine,SECL,0.17
Baroud OCP,SECL,0.67
Jampali OC,SECL,1.07
Grand Total SECL (CUM/YEAR),Grand Total SECL (CUM/YEAR),203.61
